Chatbot_ID,Name,Description,Visibility,Total_Chats,Last_Active,Link
GPT001,Task Scheduler Pro,Schedules tasks into days based on user deadlines.,Only me,unkn,unkn,https://chatgpt.com/g/g-674e62922238819183d626b6ef209c59-task-scheduler-pro
GPT002,Basic Idle Clicker ChatBot,Lua code and documentation assistant for Roblox Idle Clicker Game.,Only me,unkn,unkn,https://chatgpt.com/g/g-6744adcbdeec8191a66764b587e86580-basic-idle-clicker-chatbot
GPT003,Data Science Python Guide,Expert Python guide for Data Science projects in Google Colab.,Everyone,6,unkn,https://chatgpt.com/g/g-6734bcd980288190902bc365ba805dbd-data-science-python-guide
GPT004,Faelora Robotics Guide,Step-by-step guide for building a sustainable Faelora-inspired robot.,Only me,unkn,unkn,https://chatgpt.com/g/g-6734bc1deb808190bf94d153163560e9-faelora-robotics-guide
GPT005,Havyn Noir,Gothic horror reviewer weaving eerie allure into every critique.,Only me,unkn,unkn,https://chatgpt.com/g/g-RLlR4BE74-havyn-noir
GPT006,Vibrational Guide,Guides vibrational energy shifts with gradual recommendations.,Only me,unkn,unkn,https://chatgpt.com/g/g-yc9bLn6AF-vibrational-guide
GPT007,Minesweeper Risk and Reward Advisor,"Gives Minesweeper odds and strategies without showing math, keeping advice simple.",Only me,unkn,unkn,https://chatgpt.com/g/g-aKxbAELri-minesweeper-risk-and-reward-advisor
GPT008,Game Prototype Designer,"Helps users design custom game prototypes by guiding them through personalized choices like theme, mechanics, and obstacles, creating unique games with tailored rules.",Only me,unkn,unkn,https://chatgpt.com/g/g-PC1ReU99c-game-prototype-designer
GPT009,Level Up Critique,"Objective, constructive peer review for game designers, focusing on clarity, gameplay, and creativity.",Anyone with a link,1,unkn,https://chatgpt.com/g/g-i7lzJd0R3-level-up-critique
GPT011,Answer Bot: ResponseCube,"Generates fun, relatable 200-250 word stories for young entrepreneurs.",Anyone with a link,3,unkn,https://chatgpt.com/g/g-responsecube
GPT012,Question Bot: QueryCube,Creates deep Gen Z-style questions for wild answers.,Only me,unkn,unkn,https://chatgpt.com/g/g-querycube
GPT013,Book Editing Assistant,Assists in editing books with tailored feedback.,Only me,unkn,unkn,https://chatgpt.com/g/g-book-editing-assistant
GPT014,LoreCraft Engine,Supports creative and flexible RPG game development.,Only me,unkn,unkn,https://chatgpt.com/g/g-lorecraft-engine
GPT015,Emoji Converter for 3D Print Labels,Converts titles into relevant emojis for 3D print labeling.,Only me,unkn,unkn,https://chatgpt.com/g/g-emoji-converter
GPT016,Literal Drax,Drax responds literally to all questions with creative ASCII art.,Everyone,2,unkn,https://chatgpt.com/g/g-literal-drax
GPT017,Saga Supervisor,"Guides novel creation with a suspenseful, introspective style in dark fantasy settings.",Anyone with a link,9,unkn,https://chatgpt.com/g/g-saga-supervisor
GPT018,MZ-3.0,Polishes classic texts into Gen Z-friendly translations.,Anyone with a link,7,unkn,https://chatgpt.com/g/g-mz-3-0
GPT019,SAB-2.0,Enhances book translations with scholarly insights.,Anyone with a link,6,unkn,https://chatgpt.com/g/g-sab-2-0
GPT020,AWGZ-1.0,Translates ancient wisdom into Gen Z slang with a futuristic twist.,Only me,unkn,unkn,https://chatgpt.com/g/g-awgz-1-0
GPT021,Philosophy Gen Z Translator,Curates & translates philosophy for Gen Z using modern slang and tone.,Only me,unkn,unkn,https://chatgpt.com/g/g-philosophy-gen-z-translator
GPT022,Gen X Quran Translator,"Translates the Quran for Gen X tech enthusiasts, tracks and motivates a 30-day reading progress.",Anyone with a link,1,unkn,https://chatgpt.com/g/g-gen-x-quran-translator
GPT023,Ethereal Vibration Guide,"Embark on a unique meditation journey with Harmony Guide, where Solfeggio frequencies and Grabovoi codes align with your intentions.",Everyone,20+,unkn,https://chatgpt.com/g/g-ethereal-vibration-guide
GPT024,SCP Intern Adventure,Embark on a mysterious journey within the SCP Foundation. Start with a chosen prompt or forge your own path to unravel the enigmas.,Everyone,30+,unkn,https://chatgpt.com/g/g-scp-intern-adventure
GPT025,Mac Shortcut Helper,Your guide to Mac keyboard shortcuts.,Everyone,3,unkn,https://chatgpt.com/g/g-mac-shortcut-helper
GPT026,AI Assistant Builder,Assists in creating AI bots with OpenAI API.,Everyone,9,unkn,https://chatgpt.com/g/g-ai-assistant-builder
GPT027,Quinn Pathway,Expert in electric mobility and community engagement.,Anyone with a link,50+,unkn,https://chatgpt.com/g/g-quinn-pathway
GPT028,Lexicon Magica,Your dynamic guide for vocabulary expansion and engaging language exploration.,Everyone,10,unkn,https://chatgpt.com/g/g-lexicon-magica
GPT029,Quantum Wisdom Scribe,Assisting in crafting personal quantum insights with wisdom and creativity.,Anyone with a link,50+,unkn,https://chatgpt.com/g/g-quantum-wisdom-scribe
GPT030,SCP Episode Planner,Assists in planning and refining SCP podcast's Episode Zero.,Anyone with a link,7,unkn,https://chatgpt.com/g/g-scp-episode-planner
GPT031,SCP Character Architect,"A bot for creating SCP-themed podcast characters, using detailed templates.",Anyone with a link,7,unkn,https://chatgpt.com/g/g-scp-character-architect
GPT032,Podcast Maestro,"Your assistant for all things podcasting, from idea to audience.",Everyone,3,unkn,https://chatgpt.com/g/g-podcast-maestro
GPT033,AI Membership Maven,Expert in crafting AI-driven Patreon content for engaging membership experiences.,Everyone,8,unkn,https://chatgpt.com/g/g-ai-membership-maven
GPT034,Celestial Code Weaver,Organizing digital realms with cosmic wisdom.,Only me,unkn,unkn,https://chatgpt.com/g/g-celestial-code-weaver
GPT035,Balanced Business Analyst,Expert in shift scheduling and labor optimization.,Everyone,10,unkn,https://chatgpt.com/g/g-balanced-business-analyst
GPT036,Precision Cash Assistant,Your expert in formal cash counting and management.,Everyone,10,unkn,https://chatgpt.com/g/g-precision-cash-assistant
GPT037,Tropical Inventory Optimizer,Optimizes inventory for a tropical-themed cafe.,Only me,unkn,unkn,https://chatgpt.com/g/g-tropical-inventory-optimizer
GPT038,Inventory Navigator,"Expert in inventory management, providing insights, analysis, and integration support.",Only me,unkn,unkn,https://chatgpt.com/g/g-inventory-navigator
GPT039,Guggenheim Terrace Guide,"Expert in cafe operations and hiring, with interview scoring.",Anyone with a link,100+,unkn,https://chatgpt.com/g/g-guggenheim-terrace-guide
GPT040,Kaiber Animator's Muse,Creator of inspirational images and stories for Kaiber.,Anyone with a link,1,unkn,https://chatgpt.com/g/g-kaiber-animator-muse
GPT041,SpriteSculptor,Your pixel art maestro for game asset creation.,Everyone,8,unkn,https://chatgpt.com/g/g-spritesculptor
GPT042,Fantasy Game Forger,Crafting diverse and imaginative games.,Anyone with a link,7,unkn,https://chatgpt.com/g/g-fantasy-game-forger
GPT043,StopMotion AI Studio,Coordinator for AI-assisted stop-motion video creation.,Only me,unkn,unkn,https://chatgpt.com/g/g-stopmotion-ai-studio
GPT044,Sticker Nexus,"Central hub for a 'Sticker on Demand' system, managing and coordinating specialized bots.",Everyone,10,unkn,https://chatgpt.com/g/g-sticker-nexus
GPT045,Mindful Momentum,"Your serene guide to tranquility, inner peace, and high vibrations.",Everyone,9,unkn,https://chatgpt.com/g/g-mindful-momentum
GPT046,Artistic Synthesizer,"A creative hub uniting music, visual art, and literature in collaborative projects.",Everyone,5,unkn,https://chatgpt.com/g/g-artistic-synthesizer
GPT047,Café Helper,Your Café Assistant: Aiding General Managers in Efficient Café Operations.,Anyone with a link,20+,unkn,https://chatgpt.com/g/g-cafe-helper
GPT048,Membership Maestro,"Expert in creating and managing $2000+/month membership sites, with a focus on strategy, support, and content.",Anyone with a link,2,unkn,https://chatgpt.com/g/g-membership-maestro
GPT049,Collaboration Cube,Expert in orchestrating collaborations between multiple GPTs for complex projects.,Anyone with a link,40+,unkn,https://chatgpt.com/g/g-collaboration-cube
GPT050,GPT Creator Buddy,I help create GPTs for everyday life!,Everyone,8,unkn,https://chatgpt.com/g/g-gpt-creator-buddy
GPT051,ScriptMaster 1000X,Creates innovative monologue scripts without traditional transitions.,Anyone with a link,9,unkn,https://chatgpt.com/g/g-scriptmaster-1000x
GPT052,Timewinder's Muse,"As Faelora, I weave magic into content for my Timeline Tinkering Channel.",Only me,unkn,unkn,https://chatgpt.com/g/g-timewinders-muse
GPT053,Inkwell Oracle,"For authors, a whispering muse in conversation, igniting stories with every word.",Everyone,20+,unkn,https://chatgpt.com/g/g-inkwell-oracle
GPT054,EchoSpeak,Translates into clear NATO phonetic codes.,Everyone,7,unkn,https://chatgpt.com/g/g-echospeak
